"username","xp","time_played","kills","deaths","kill_streak","targets_destroyed","vehicles_destroyed","soldiers_healed","team_kills","distance_moved","shots_fired","throwables_thrown"
"STREET VETERAN",11056440,97313,469502,9832,1234,9525,6381,2499,9971,2127600,3245100,17602
"ELAN",5410041,113418,439786,10832,685,6039,3691,2820,4682,2141100,5038811,31307
"DIO",5370386,123477,544837,1843,2608,15673,18150,893,12123,2116900,2841880,60857
"DOGTATO",3930482,67172,330590,2276,910,4339,3671,2714,3521,2110800,4634205,11297
"SHEITANYAHOUÂ²",3922029,101717,432161,1973,2745,5634,5788,958,3386,2113900,3303899,12230
"ROLEN",3915412,107720,254599,6673,378,15323,5685,507,8678,2129100,3599791,23462
"MRTEA",3247152,110639,309973,6865,593,4161,3636,1944,3903,2113900,2232482,18545
"MELLCOR",2967687,44580,151012,4592,558,3651,1739,538,4076,2103100,1049232,5374
"HEPTICAL",2893339,79590,261016,13433,1059,6732,3918,2365,6659,2119300,2378027,28758
"RARE PEPE",2803845,60826,250769,8170,914,5277,3342,1417,5403,2113600,1547067,30952
"UNIT G17",2791264,50578,208012,3129,1300,4680,3393,869,4166,2106000,1534164,8601
"THE FARMER",2580901,44769,225118,5652,1721,3563,4837,736,3603,2103200,1363045,20011
"BLACKANDREW",2521420,78618,345066,10590,535,5948,4113,1364,3702,2109900,2905792,34328
"KUWAII",2479243,35432,188592,335,946,2125,1822,896,4618,2099200,525610,3300
"MR. BANG",2437718,42084,190830,2193,978,1911,1410,904,2451,1592700,444874,1653
"ASTRONEST",2427511,34491,171134,3827,617,1638,1327,988,1518,2097900,1459057,5999
"JFJFJFJFJFJF",2338432,53490,133068,4975,921,2164,1595,1598,2386,2109400,1971975,8400
"ENDLESSSSUMMERS",2304862,61098,113556,12073,698,4292,2300,436,5387,2109000,1584192,12293
"LORENCES",2291964,55842,188226,8454,391,3842,2598,378,5403,2107400,1575982,12712
"SPECINEFF",2290914,53415,120898,6581,359,3202,2714,420,3812,2108900,1013449,18466
"TARN",2239258,41874,157624,6543,418,3741,1440,271,2496,2103900,1299778,12640
"MR. WEIRDO",2104178,65854,211397,6477,842,4925,2496,1395,2612,2110900,2471051,13243
"RJ971",1985827,125836,364776,24563,455,2867,2831,1579,3982,2144500,7548910,30246
"I AM GAY",1961166,44727,116393,10595,664,3179,1914,688,4870,2103200,1392724,9049
"TPBEAR",1955853,44859,153180,6927,1429,2126,1605,919,2531,2107800,1973496,6001
"TERATAI",1866756,41682,113222,7442,886,1514,826,379,1281,2104100,913916,5694
"ESTY",1850890,36120,143128,5251,538,1992,1276,923,1877,2103600,1592643,10385
"MELOONS",1753865,30393,124840,5236,938,2481,1516,406,2469,2097800,674679,8494
"SILKY",1712271,43890,160562,9375,1236,2067,1298,192,4406,2101800,1719891,12306
"DONKY",1701749,59191,146871,9230,389,3229,1756,973,3109,2116900,2776757,19135
"MAYSTER",1669836,22979,113775,1076,2015,1771,1197,613,814,1810400,1123789,5147
"CHITKUA",1656141,53911,165654,6112,728,2495,1781,898,3416,2114300,2155641,20436
"DOX",1642810,37936,177938,5001,490,2995,2279,456,2511,2101900,2250613,19498
"JOE SHMO",1634086,67649,217239,7489,405,2687,1815,653,1759,2115600,2301653,23649
"SEMI",1609410,66813,191858,6063,452,3056,2146,1533,4341,2113700,3022095,17563
"TOD THE WOODSMAN",1569461,24774,113479,3093,491,1256,794,442,781,2100800,1092208,7241
"SMOKO",1538818,50171,112320,1421,589,2748,2080,967,1684,2103100,1945061,17214
"CUCUMBER",1517815,52654,157002,4784,350,3339,2344,503,5032,2108800,1799212,23599
"GREENHORN",1472953,37910,119041,9209,321,2466,1431,635,2194,2107900,1898804,13822
"ROSTISLAVAMK",1423741,48571,220428,10478,986,3791,2583,234,3132,2116800,3871107,20653
"RIKKUN",1395138,49090,127327,5917,1120,2224,1137,683,1460,2106900,2383782,4466
"X-STAR",1389282,51710,143417,3556,413,1561,2496,804,2065,2101400,2768364,6886
"IRYON",1364225,67268,239197,12099,644,4027,2409,481,1557,2113900,5066726,12482
"DIASHU ZUK",1352265,64595,154277,7208,345,2071,1746,1256,3826,2114900,2116175,17128
"JUNKYARD DOG",1345532,42571,162846,13615,314,2570,1433,1398,2829,2117500,2695049,44017
"REFRIGER RAIDER",1330217,49456,109900,11837,657,2733,1507,284,4224,2106900,1242641,12745
"KICHERKEKS",1313730,54355,180374,5114,806,1865,1618,738,3002,2102800,1870764,5181
"CAPTAIN VODKA",1289072,34892,111987,4307,413,2094,1013,478,2634,2103600,1480524,4842
"HENB1",1206733,33267,112057,2885,1185,1741,1299,600,3075,2101100,794233,3986
"CIUBE",1193444,21752,73935,6697,326,1242,1058,139,698,1858000,862633,6365
"XXLEMAGEXX",1181552,29686,89590,7117,216,1519,1094,1296,1379,2103400,1421031,5332
"OCELOT",1177216,60785,137771,7346,223,1852,1034,494,3136,2111700,2801172,13581
"SRS_SCIENTIST",1129994,20387,60357,7584,627,974,243,246,313,2097500,821904,3036
"ZARTACLICKING",1113580,34682,125623,4787,539,1927,1710,453,1540,2100500,1864039,11752
"FREUDS CAT",1113574,44830,129962,7559,436,1623,1403,1563,1690,2109500,1593151,17539
"AKOGISHI",1109608,36441,133041,5730,602,2318,2306,715,2181,2102200,1324992,18742
"STAXXY",1090745,22909,97213,3698,1386,1867,931,618,1330,2097600,1095996,5617
"SRS",1086090,22619,68352,7189,584,1075,332,141,524,2097500,927056,2084
"GENEROYALE",1082856,21728,56190,4605,366,1191,740,75,2024,1778000,670446,3431
"STAIN",1080001,17416,49188,4407,526,1845,767,96,1465,1848500,681360,5119
"MR. NICEGUY",1079430,31880,134405,3967,783,2070,1391,240,2004,2100000,1409614,9473
"KID_MONSTER",1076651,26578,60293,5409,899,1519,573,304,1349,2101100,999066,3708
"DARKYPWNZ",1074911,32822,99679,6700,377,2209,1847,442,3133,2103100,1394028,9914
"PSYDROSE",1070512,42934,141461,10128,383,2106,1942,257,2450,2102900,2386053,14003
"HIDDEN_DRIVER",1063069,15306,60203,4288,287,1170,962,67,2330,1258700,880681,4323
"LEMONPOWER",1060039,36166,110627,8406,714,1569,669,74,1239,2098900,1322915,7579
"JET3",1047331,59815,149359,9269,304,3253,2103,328,3281,2113300,2647903,19553
"ZEPHYRANTES",1040756,15754,70481,3293,527,1038,628,42,1294,1596500,671004,2607
"GARNETZ",1038645,70450,117761,12368,683,2294,850,521,2557,2099500,1241698,9885
"MR. MRRINTAKARVA",1030368,31798,136475,4740,456,1470,914,793,957,2101500,3462652,4608
"DREADNOUGH",1001810,20334,76152,2553,381,1373,765,408,1590,1727500,1036200,9524
"LUA",968950,19327,94618,4515,1034,885,435,13,818,1168400,639676,2918
"THANSHUHAI",944069,16374,79106,299,1994,1009,504,325,488,1029000,686902,812
"LENNY",922696,21041,87233,1960,4000,1512,1009,124,1322,1913600,940321,2379
"NOBIO",917672,29321,106479,4792,381,1325,704,172,1474,2097700,1763875,5708
"THRILLSEEKER",908902,23337,90232,914,1078,1269,872,547,946,1832300,691935,2246
"THRAXS",893036,31943,108605,2919,411,1332,944,682,1307,2100900,1575329,7771
"PHLOIDE",881861,42300,139862,11029,297,1531,874,656,1788,2111400,2624575,12313
"IRON_BEN",879612,71323,107145,8869,813,4655,1853,255,4408,2116300,1262770,10039
"SHIGEGGG",837490,68426,174086,16734,410,1216,1165,699,3603,2124500,4563415,6665
"JUSTIN FAN",834081,41800,111991,6589,305,1763,1696,725,1279,2112800,2531706,9906
"MR. DESYNC",824306,18028,65655,1344,529,1365,797,143,2346,1934600,647665,7719
"HELLNO",816837,30505,114656,5229,689,1106,733,66,2573,1689700,615043,2094
"SIR. PAIN",798420,46451,100694,9863,254,1479,786,598,3017,2104800,1503974,8428
"ASSIMILATOR",796166,31231,89894,7504,345,1557,1162,303,1415,2099500,1261268,14355
"OUTOFMEMORY1",782975,46060,90140,4691,407,1225,1217,629,2647,2103900,1150195,6001
"JATIMATIK",782719,36266,88572,7701,403,1789,1324,1040,2101,2102800,1591271,6932
"LLLLL-",776608,20907,115280,536,1111,1946,1220,256,1266,2097600,570951,3618
"DKFLA2222",773763,33297,133509,10020,326,1058,781,197,1597,2096300,3122317,9258
"MUKAIJIMA",770842,51494,163923,38842,181,2003,1534,1043,2804,2099000,1882938,52632
"SKATEGRAVITY",759567,21312,78614,4674,407,821,516,329,1060,2003000,1306070,3176
"NACALYATOR",736652,45755,105451,5608,465,2808,1959,712,2522,2107300,1516780,9513
"SILVER BACK",704848,43640,99313,11616,175,1210,866,634,1883,2109600,1450966,10484
"IMOMUSHI",689247,35025,83262,7020,352,2935,2018,564,2436,2103600,1496286,12434
"OM",683727,23103,99902,2596,342,1871,1202,554,1187,2097300,851726,11168
"JERSEYFIGHTER",679218,21873,47959,9371,362,589,430,259,1421,1876700,741849,3334
"ESP-PLAYSKULL",678515,18684,78256,1771,839,587,597,305,797,1285400,461662,1948
"BREAD",676495,29862,81051,8928,472,1027,660,534,2850,2099900,1495434,5844
"PINGO",669407,41239,79848,4982,1126,2148,543,547,1316,2107900,1445231,5293
"MOBIUS STRIP",667527,20490,75088,3593,343,2451,2059,175,1405,1799400,878921,9622
"BED RELT",666734,29690,101888,980,473,784,842,845,408,2100500,2877127,5277
"DBR0WN",649049,19257,48927,1563,286,937,387,548,1076,1647800,892037,2961
"STEYR",645057,13325,48612,3332,349,934,508,35,732,905500,558810,1861
"DOMEHATOP",636313,15306,67942,2921,554,829,650,78,1566,946900,578350,2895
"MR. GREENBEANMK1",634868,23621,115286,2249,1024,1444,1497,58,865,1715400,488104,3586
"STEFANOBANG1",620916,32924,64388,4995,315,1059,690,120,2156,2099600,1893101,3859
"BLUE2TH",620834,24399,87570,7700,472,1526,1481,369,1762,2097400,1073546,7797
"CY@",609568,20539,40652,7601,454,1252,592,77,1498,1992100,511397,5640
"COCONUT135",607984,25464,59960,6832,198,1080,601,185,1694,2100200,772105,6687
"ANZAC_JOE",604329,32119,80154,6835,510,591,972,306,687,1914800,1575816,7048
"PANZER VOR",601142,19638,65537,2703,528,1990,714,55,1305,2087600,746240,4342
"CORBEN DALLAS",593805,37542,94523,11887,373,707,1021,303,1373,2098000,1671016,17637
"ZELF",590227,8020,29406,1868,1640,777,466,36,1298,494100,168495,1400
":3",586926,41587,82199,15501,443,891,687,784,1654,2103400,1022584,18491
"RANDY UCHIDA",586900,21678,43247,2271,355,1081,868,57,1546,1549300,358425,4281
"LIFY",584376,10423,55702,559,586,880,584,143,686,930900,463710,2597
"CODERNEM",573126,21604,51804,3886,217,561,314,475,714,2097800,729710,1947
"ONLINE SECURITY",560833,12579,46049,2891,296,413,233,33,810,1289500,730146,1057
"LEETCH42",558966,52955,99737,20206,188,429,650,235,1760,2103000,2722119,12559
"YUKI-NYAN SENPAI",548756,10313,58629,119,1210,536,288,330,292,721800,279078,1099
"DEADMAN123987",546718,22124,42296,2058,249,1196,525,195,1558,2097600,750570,2565
"ZULU-XI",545855,4760,39500,140,12119,146,61,8,59,117300,17391,212
"SPOONALOT",543693,24933,60245,6107,319,990,544,386,892,2040100,814090,7226
"MEMO",535530,20692,58161,4138,406,793,417,39,805,1636200,776799,2587
"A RAGING GYPSY",523833,26054,66054,4392,337,954,625,171,1548,1800800,871359,7840
"RICTUS",514297,33717,124216,3569,829,779,1292,51,947,1612700,1022961,1809
"N.C.N.N",511705,21083,89412,4449,478,873,582,99,1203,2018200,1086480,5753
"KDDI",510630,7518,41489,283,2545,601,348,62,581,648100,370680,985
"KERMER",497132,15817,56771,2682,328,1076,683,156,1050,1236000,686904,4867
"KALISHNAKOV",496448,22225,56557,4175,238,926,733,406,790,1831500,741539,6896
"1",496350,39237,80480,9190,264,1002,1042,250,1904,2101600,1032042,6963
"SUTOPIA",492492,17806,30146,6680,620,1213,395,57,3912,1775900,276577,5976
"FOREVERARIA",490787,16374,65865,5638,627,1213,462,72,932,1505800,838141,4080
"ROCKEYE",487377,22286,87329,7523,354,925,763,197,750,1909800,889645,4631
"ONLYNOOBSTRYHARD",484086,7984,30029,1458,504,663,284,73,483,829900,400514,2113
"BLACKSTAR101",481910,21347,47129,2922,293,555,294,102,1202,1786200,1186806,3943
"MARANELLO",475715,34897,104176,3143,1559,1397,1709,91,1933,2097500,605549,13381
"FAIL PLAYER",474033,24919,61776,6015,258,830,781,742,757,2098200,1418424,5958
"MISTAKILL",464631,26685,62181,7117,280,559,482,474,1318,2098200,868995,4843
"JAKE S",463138,35953,73336,6493,300,1423,552,276,1466,2104000,1131809,4942
"NB",461507,13250,36217,1021,334,463,332,196,514,951200,281948,591
"F2P_MAGGOT",460288,24642,48873,5297,137,1296,1060,361,2983,1713700,579359,6681
"ROKPARATROOPER",458999,17310,55625,3493,273,313,393,255,663,1588000,887807,6275
"ROD SERLING",450772,14753,42855,3347,350,635,306,118,869,1057300,660610,1678
"CHAPATTI",447207,28683,51238,5845,805,810,450,460,1082,2098100,1155808,1969
"MR.MUDE MG",446504,35676,85975,11625,188,406,555,163,1683,2098900,1982460,15180
"PHRAL",436044,21193,65762,3862,419,920,749,471,1271,1585000,1184256,4840
"DUBAYOO",435789,27287,50867,3244,294,1019,689,385,942,2001400,833965,5392
"JOHNG",433799,33909,70954,12983,344,573,588,242,1117,2097900,780450,4013
"CLOUD18",431702,16301,57107,3558,387,968,524,59,600,1407100,894261,1354
"LONE",430478,18009,78399,8838,237,449,729,131,598,1536600,1353946,9273
"CODENAME-FIVE",427077,18789,56592,1526,599,860,345,196,775,1260000,1080070,3644
"HILDEGRIM",426672,19986,62964,5930,272,489,307,169,876,1890200,921721,3728
"WILLIAMIONIANA",419952,26882,50671,4238,248,810,508,668,1432,2099700,824831,4517
"RIGHTWINGNINJA",411759,15033,39684,2780,490,543,361,422,609,1328800,711878,1876
"AFROKITSUNE",402026,38678,63479,11128,192,910,554,417,1533,2107100,1374729,10411
"PLAYSKULL",401706,17825,58217,3437,1625,427,276,138,839,1403200,686314,2180
"ROSWORTH",401687,27350,73293,3534,248,534,307,419,716,2097200,855050,2027
"LEEIZAZOMBIE",398297,14835,39962,3329,612,487,553,112,688,991000,794232,3770
"POOFY PONY",397805,26021,56203,3162,394,567,267,895,697,1950000,1208259,2749
"CANNON-FODDER",395150,14059,58289,3444,555,569,329,124,541,1169200,671606,5301
"ICETECHNICIAN",394414,22129,60801,5782,215,1362,1512,167,2003,2002700,698491,5104
"ERUISS",392272,22392,53116,5087,430,1187,730,285,1041,1863800,879706,4140
"PT.C",387434,23439,67603,8343,830,1361,1248,134,1138,2098900,774592,3405
"KUJO",386064,8453,30075,983,762,568,259,162,585,780900,344443,832
"FALLEN DREAMS",384666,20996,60061,5329,235,520,614,374,1566,2097200,1182378,6832
"SEVASTOPOL",383663,19883,72132,8029,437,616,464,266,1152,1695900,961343,5141
"WASUPZ3R",381781,18205,55338,3741,371,489,390,207,781,1692700,1350014,2925
"MR.LIU9621",381118,27947,50892,6733,316,894,493,169,1092,2099200,831615,5143
"IMUEKZ",379679,29305,52837,5169,432,1217,830,350,3223,1859900,842840,4692
"MERBLE",379510,15880,55951,3240,292,539,440,368,779,1518200,899719,5504
"CPTFOOT",379421,9976,46846,1071,464,642,424,269,438,807000,516583,3885
"NO-BIO",376982,11422,43773,597,524,319,233,62,686,707600,842889,1660
"JOHRAEL",376465,34865,71254,6913,416,1375,885,123,1075,2098900,1358372,12112
"TALION-FR",374974,31741,82105,16792,203,812,440,267,544,2103500,1544368,6325
"KINGFISH101",374222,19239,46539,6037,224,767,359,841,776,1938400,1175924,4378
"HERMAÃUR",374079,9226,35070,767,423,654,356,191,512,879400,518230,3986
"YARRINGMEOWER",369689,20415,52165,3028,254,1044,587,287,1362,1611200,666186,4593
"LIU",367124,19956,44890,7792,292,778,378,56,974,1958200,509345,2257
"TIGER5678",365351,27578,68772,5212,318,1198,975,155,2159,2101700,1191856,13172
"GHJI",364998,15353,43860,5542,201,713,578,33,1470,1030599,384115,2723
"STARWEN",363569,11948,50784,440,680,515,479,182,839,933600,105432,2479
"SARGEANTWAR",362977,26139,35459,5444,272,440,273,129,866,1411000,910855,2616
"KILROY",362598,17689,44891,5620,229,650,388,349,995,1862200,752240,6081
"DKFLA222",362395,18512,65026,7510,274,403,285,247,1034,1352100,2043719,5068
"BLEUGH",361930,6777,25295,834,393,424,264,123,540,589600,196253,729
"EL_CULERO",360649,32624,41103,8787,179,693,477,661,2333,2101900,1590646,4771
"CAPITAN RUSSEL",359626,18559,35346,4554,185,793,599,144,1735,1403600,600642,2149
"ENGUARD",355326,23185,51346,5861,318,561,427,245,933,2051300,963972,3487
"CORIOLIS1996",354243,47840,55849,8491,300,1186,957,479,1143,2100300,1513107,5338
"SEDA",351147,3885,14176,732,477,401,217,17,625,196000,112129,880
"KAIKEL",348267,19184,58995,6244,236,632,312,196,583,1797600,1055262,1547
"OPT_0",347495,28778,35316,5331,172,516,662,486,1343,1155400,609446,3997
"RITHILIN",347237,26514,39238,5941,215,770,273,135,1338,1947200,836365,1622
"GIRIDIUS",347040,20377,67627,6020,724,681,307,35,564,1792100,1260716,1950
"JAMESTCJUGGALO",345093,10201,31596,1104,523,514,441,205,776,723400,577375,901
"JUANHOOPOLIO",341770,17304,47164,4460,777,362,454,74,533,861100,980065,3099
"CYPRESS_BLADE",340323,19109,66016,3912,481,789,480,92,385,1808700,1190206,2182
"NICOLO",339005,31299,39789,8083,305,1406,1488,276,3099,2100000,908718,6330
"TOFUMAN",338818,10610,26626,1190,319,863,442,25,812,797000,270405,3248
"KRAISER",332777,22050,64003,7505,225,375,259,369,930,2099900,1273699,4687
"POMMY",330510,14273,35485,1883,254,795,599,361,1192,1347600,523624,3881
"MIYUNBUYU",329763,10725,41730,2102,487,465,351,135,605,816800,490642,2487
"SPARTAN4125",324947,28686,61939,9292,176,286,379,1076,318,2105500,772652,11386
"NUELEN",323889,19086,48282,5180,519,704,435,97,778,1402800,635062,3579
"WYZZ",321238,14287,35096,2097,533,482,313,104,832,951500,653568,5079
"BEAUTOWNOUTLAW",320223,30261,42931,3247,243,686,574,586,1355,2099100,781356,4439
"KISETU",319892,11537,37307,3256,662,494,331,94,653,895400,451713,3423
"CLIVERED",318133,17452,40343,4805,225,668,292,54,1034,1471100,728894,3285
"TIARINBLATE",315988,7979,28368,4093,198,344,288,20,357,814800,423608,3056
"MTHL",315185,18168,43335,2960,274,750,782,181,996,1189700,416534,7000
"SAVRUL",312400,26537,45782,2286,230,477,328,612,1123,1814100,1411051,3537
"ONONYMOUS",311631,10001,25012,1624,232,238,104,91,405,871200,441985,1538
"DEADSOULS19",310330,10631,29340,2036,448,454,270,21,1263,947500,755844,3759
"SCHLEUDERER",310174,15791,50278,1173,333,194,582,579,188,1406600,716958,2875
"CRAY",309100,15545,30903,2467,555,465,224,196,320,1272700,520699,2031
"FOREFOX",307824,11111,28831,1485,332,441,438,199,468,901500,356506,1240
"WHITEFLAW",306095,18597,38489,967,326,750,532,228,1018,1569000,833038,2030
"BANANA.RAR",303770,17825,35202,3665,334,485,243,247,718,1067800,622697,2250
"CHARLESTONE",302845,12711,47688,1689,326,350,525,133,539,1079200,519746,3146
"MININGBOY1989",300756,14622,37819,3616,286,905,425,48,1075,1083100,385495,3544
"KEDDNEX",300254,20121,61421,3078,494,584,873,67,619,1924700,653996,2172
"GUNSUP!",299689,18730,44828,5288,245,804,621,143,1498,1739900,774695,7805
"PROSKILLS",299039,15637,40233,6512,593,641,420,86,1252,1105100,623013,5030
"ROBERT A. GREEN",296312,27541,53659,7878,242,755,672,377,1691,2099200,1520661,10551
"SERGEANT MUFFINS",294985,13233,26691,1351,295,536,431,228,889,1173300,372486,3236
"JAY DADDY",292245,10310,34146,3020,445,242,126,140,343,836200,459448,2085
"BASTO",292227,16219,44447,4703,201,202,402,82,612,871900,429230,3805
"UNIVERSALI",292215,13888,38009,2536,333,477,542,175,1092,1168500,755039,4036
"1LONELYSNIPER",291313,13468,32457,4525,204,625,312,271,684,1129800,721678,4142
"SESH",290675,24246,69032,13343,132,241,446,61,600,1401800,1875911,3225
"N4P4LM",289378,24648,62169,12541,130,500,377,436,472,2098300,1237932,6339
"ELYSIUM",288302,17460,64891,1237,1528,462,181,34,447,838200,628757,3177
"SETSUNA KURAZAKI",287271,9649,31844,674,496,1171,1302,162,864,690200,180271,4830
"LEWD LOLI",284959,7162,36293,229,794,450,332,351,306,561100,165294,1548
"DYALOT",284588,7398,17796,2892,158,588,178,124,528,777300,281277,2236
"FREEZ",280833,16826,38596,3487,493,666,174,101,1472,1409500,775033,2383
"YTHIEL",280709,10690,44156,1249,290,870,434,105,224,1065800,827958,2427
"XIANDER",276381,14127,46691,2972,554,212,118,56,483,946300,1001222,1033
"ZUKKIE",274837,22486,47283,7269,187,514,557,276,1375,1467900,875633,7096
"MOOMOOMOO",272837,15397,60215,10293,168,344,417,109,619,1309500,936611,5894
"PABBATT BLUE",271416,16282,34201,2291,1337,286,204,266,798,1167900,749824,1552
"RADE",271247,20278,52797,6029,310,467,518,316,632,1240400,776988,5687
"CH4K4N",270824,12940,45081,1447,907,497,409,278,606,914300,958057,1751
"TRYHARDNOOB",270673,3154,17522,56,630,262,197,35,189,276000,127033,520
"COMPUTER RAGE",270311,6292,22740,276,335,584,654,56,376,416500,160322,2780
"Ã¤Â»Â¥Ã¤Â¸ÂÃ¦ÂÂÃ§ÂÂ¾",270014,7586,32426,503,506,335,230,105,286,596800,414993,1943
"SGT.JAYNIMROD",268709,16090,36991,2880,254,323,225,191,756,1603300,631643,3843
"CORIOLIS1128",268272,26828,39231,2914,222,722,818,703,674,1866500,999957,4352
"11QQ",267904,17837,30390,4577,265,736,709,71,2152,1499100,600887,3603
"OLDMANPUSHTHECAR",267661,9925,26139,2729,239,410,215,163,581,1011300,181317,5427
"PIRX",267434,21230,63056,7899,247,595,827,33,589,1788200,1261677,2687
"PRIVATE JF",266446,2439,13357,173,777,241,188,67,217,182200,56983,410
"WARBRAND2",265347,20361,38450,4064,226,651,461,597,803,1687300,758986,2291
"SONICG52",264820,14921,49383,3935,370,232,164,210,302,954100,895294,2397
"BLACK RABBIT",263326,17538,45891,1433,474,235,527,178,544,1720800,945322,1436
"DAVIN",262029,24651,29548,2154,258,1551,1446,58,3785,1939300,369602,6649
"TANGODELTA12",260529,21855,32286,3225,213,246,328,644,713,1343900,788637,1739
"C417632069",260055,18233,37060,3724,404,1030,382,38,1103,1989000,581302,3067
"AZERIU",257887,14730,38439,3652,522,174,108,235,460,898400,381342,3031
"JOHNAVERAGE",256647,14939,46771,3020,253,284,163,318,353,994700,783346,4072
"NEFERPITOU",254948,6130,26243,196,1058,231,97,155,134,488300,185009,735
"JONESY22",254266,20406,55992,6035,212,161,312,190,660,1012300,898392,2203
"TIRED SLOTH",254126,12391,34725,726,385,565,387,264,476,847100,581666,975
"GHOSTRONINBOOM",253476,11014,28359,4753,279,455,302,49,520,804600,332070,3929
"ANGRYSQUIRREL",253316,13477,36223,2467,254,232,416,153,425,892200,323310,2398
"MR. REN",248546,18020,42674,5802,283,287,208,559,716,2097200,1211480,5961
"GIBBS",248250,9538,29154,4225,223,375,323,153,468,665300,721200,2149
"NUTTERTOOL",248157,13062,42782,4029,223,447,426,182,799,1224300,498243,6163
"AXPION",247959,11831,40386,4005,478,442,159,67,387,962800,621753,3815
"PRVJPT",247692,36014,72167,20252,126,90,282,141,755,2102400,2296812,2162
"THE RWR PUNISHER",247280,7528,28112,511,340,987,1009,110,775,527100,139150,4087
"ZEALOT163",247049,14397,31931,5273,167,778,429,244,1312,1480800,398076,2251
"KEMENZ",245412,10592,40075,1751,229,272,335,292,572,965800,888814,2227
"MOIST CLAIM MEAT",244443,5559,23978,803,326,407,320,83,284,415100,300963,2291
"SHITGAME",244076,11530,49160,1447,1028,615,894,67,1220,1047200,194452,1598
"JHONNY NIDEB",241793,11769,24897,2654,370,427,593,342,765,944700,320041,4491
"LKJHVC",240517,12055,36064,1509,362,267,296,133,355,812000,432340,1364
"MR. HOPS",239900,19495,53959,12110,162,317,401,171,657,1719800,1112862,6512
"NIKOLAI SANDROFF",238811,26651,24947,6330,195,632,402,50,2131,1750600,451085,2893
"TREEFORD",238746,8608,30020,3701,189,403,285,121,396,767600,372975,2776
"JULYAN",238485,11543,37705,1235,483,248,341,260,245,786200,587527,2193
"FIRED CEO",237723,14699,33388,2496,176,200,265,343,347,1430700,913923,1986
"RIGORMORTIIS",237267,18847,28100,3449,173,259,117,300,691,1525600,586331,2438
"CHAINKILLER_NL",235770,18172,31765,4236,274,467,443,232,1730,1391000,416746,4396
"GANKEY",234554,23796,52787,7318,229,255,447,105,518,929600,813091,4153
"MR. SKELLINGTON",232637,12298,32193,5336,221,493,469,119,626,918400,472961,2970
"NITCH",232428,9375,26215,2575,465,345,344,103,612,748900,324041,2545
"TINGTINGTHS",231530,11330,44796,8389,139,210,358,91,404,936800,997830,4752
"MR KAPUT",229696,19251,28273,6642,262,411,314,56,1429,872400,427916,2581
"TAMA WA NEKO DA!",229319,5090,25656,79,777,157,155,181,185,373600,149686,497
"LIMA",228795,8464,26345,689,411,314,50,100,224,828700,448042,785
"POIDACHI",226244,2931,14467,63,631,178,60,112,107,199700,53786,348
"TURBOMART",226047,8939,35578,2791,638,224,251,55,370,696600,311352,2192
"[JIMMY]",225640,14200,39056,2201,228,181,225,287,493,1033000,703157,3200
"WOLVERAS",225271,11135,30589,3646,368,334,262,74,567,831900,261020,1319
"D3VILRUL3R",223925,13251,25977,2852,311,448,433,220,1119,894000,376111,2118
"STATUTORY APE",223322,12081,26608,1055,1220,374,476,172,784,770900,214242,2126
"TKW",222591,13719,30505,1309,438,836,766,77,1029,1106500,269066,5987
"AKAKIY",221586,20304,50157,12863,120,735,277,116,730,1849800,1256109,2741
"WAFFARU",221235,6250,18492,1391,347,508,377,170,750,578900,216529,1589
"EINSZWEIDREI",219518,8604,21167,3135,207,268,178,46,360,655800,396919,1337
"LITTLE SCHEMER",219465,10036,27295,675,487,349,411,210,447,768300,222617,1458
"TECH9",219252,21216,28140,4059,250,301,246,406,664,1672200,546095,2709
"RELANSCARLET",216960,15459,42197,1612,541,279,365,612,109,911200,577765,853
"MANPOWER",215485,17846,28599,3442,658,1035,287,33,893,1300900,491387,3877
"BOXY BROWN",215329,19399,48130,6976,240,188,149,344,384,1976600,918723,3872
"MTCNEKO",215287,14532,23054,2466,180,332,248,78,1029,784200,319296,1378
"INC",215111,13559,42871,7658,150,286,319,388,896,1387400,731288,6265
"WALTARRON",215031,37523,33903,3945,328,532,342,308,969,2099100,932250,3562
"XANAX",214533,15272,29949,1935,320,354,235,89,881,1307100,644556,1538
"PG.AIRSTRIKE",211972,26845,44847,9737,194,344,317,331,573,2097300,384996,8769
"AKRYDER2",210930,22552,29868,6502,222,551,337,19,1451,1541100,1090482,3012
"ARGONTITAN",210663,13446,40733,3006,248,282,282,120,786,1150400,446507,4586
"GRIFFIN",210298,10226,30048,2478,246,295,420,98,392,773200,502006,3336
"CHARNOBYL",210293,12222,30720,1052,332,380,396,154,604,966900,759227,1832
"TONYMOLY",209247,10954,23140,1648,339,291,162,59,614,697300,207572,1074
"XAOC",208955,11447,34585,985,728,423,288,92,752,825600,389353,1708
"RATCALLER",206454,8530,24742,2199,345,522,475,35,606,705700,359189,2794
"SOUPMCTAVISH",203835,14542,31150,2962,204,407,221,74,807,1115800,536576,2215
"LUBI",203492,12206,30829,7864,189,315,244,178,760,1224500,363982,5440
"MAKEP",203470,11551,36109,4900,177,376,488,69,1098,1105900,632446,8103
"TURKEYSANDWICH6",203238,14173,32106,4700,256,643,427,95,2028,1144700,512832,2050
"SYAVA",203137,12990,42950,5860,279,246,258,14,584,1024700,594402,5269
"TIMROD",202616,11101,34571,2174,199,197,165,241,267,719200,526945,1084
"BOTFELLAS",201609,14391,42506,6476,320,251,467,196,402,1512300,873633,6360
"KJETILZINHO",201356,4649,17291,1699,380,176,96,47,102,348000,132048,404
"KOLONEL.PLAZZMA",199969,10935,30231,1808,347,420,301,47,783,755100,224110,1117
"MR. CHAMELEON",199215,22083,32128,6629,1337,506,219,97,1883,1666900,951169,2482
"MR.YOYO",199031,13503,40915,9648,214,353,351,75,795,1305700,753634,8022
"FIFTHELEMENT",198213,9203,27375,3854,269,361,235,31,461,731800,318194,1793
"MISTR1ADAM",198049,5119,17374,981,263,266,198,85,458,393700,271797,1345
"ALISTER",196822,21474,46842,11007,157,136,205,54,546,1781500,806667,6504
"KILROY (7KB/S)",195214,12659,35978,1064,777,200,304,281,206,803900,373441,1134
"UMA",194000,11098,34945,4286,265,277,356,154,501,1077100,644676,4332
"GNRUAN",193917,18690,8742,873,193,183,135,329,823,728900,232094,1047
"GLOCK17",193746,16268,40597,5879,188,431,446,156,766,1116900,531687,8923
"MR.BANE",193646,12410,35848,5861,401,317,240,93,772,1028800,590918,3318
"ZELI",193014,15458,36701,5165,213,368,330,224,323,1092000,616023,3626
"FONEBOOK",192456,14300,25092,5292,205,396,396,73,554,996800,326018,1443
"CAPTAIN NEL",192135,17885,32659,4220,259,269,304,300,745,1285500,606929,2006
"KAWAII DESU CHAN",191307,12497,18556,2198,160,383,196,265,728,1028800,460532,839
"SELECUS33",189291,8524,22844,1631,336,341,140,39,361,626900,277790,1180
"THE SWEDE",188457,7187,17887,2164,351,123,51,49,316,494800,229682,1017
"IRONFOREST",187997,8319,21017,2154,161,361,289,83,903,691400,409193,3074
"XEROV",187777,17280,29353,3493,181,404,262,178,529,1482600,878155,2107
"THEFORESTWOLF",186839,6393,19444,1955,285,219,137,66,275,583600,306896,2743
"GILLS",186200,11082,29461,4391,286,286,203,109,485,896400,487256,993
"MOSTEVIL",185264,8616,27229,712,237,300,485,142,338,828500,445878,3294
"MINOR SETBACK",185116,14066,36462,261,1642,193,209,420,355,905200,588588,1069
"UNKNOWNERROR",185082,19412,31521,5124,235,718,419,98,2121,1864600,835416,7032
"DISCOPUNKT",183801,8122,28065,4480,147,304,371,56,522,780000,653219,5056
"KUSOSAMURAI",183641,6399,17772,2217,184,294,224,24,416,519200,225355,2349
"KOUNTTER KYÃSTI",183066,8033,18416,950,1569,145,84,21,176,389300,79349,374
"AZAZA",182665,11139,29831,2880,242,373,259,30,542,715900,496011,1715
"#BEE",182485,6457,15741,2601,290,276,288,28,792,478800,284768,2064
"SCHOTTKY",180840,8652,34015,2559,365,222,127,58,402,670900,404865,1231
"SZCHEH",180615,9123,37122,7123,150,139,319,53,401,817200,794405,6656
"HEIVIA",180418,18000,27463,4548,218,744,325,74,414,1894600,501617,2344
"RAVVS",178872,4338,15035,456,540,336,148,53,369,401900,153964,603
"INFRARED",178538,10948,30411,5030,186,361,391,217,617,995000,629765,3424
"MAGONUS",178139,11775,26421,1720,494,627,481,85,505,729100,261628,2423
"YOLOSWAG",178033,14450,31731,4416,254,241,157,276,585,1190000,518991,1809
"NIBBLEWERFER",177577,8746,18012,1705,451,230,154,66,264,676600,156963,2882
"HAMSOLO",177442,14115,20598,4640,153,558,295,7,1651,729100,577873,2069
"LORD ATTILA",176894,12811,29015,2936,277,363,300,212,671,962700,422801,2381
"WANZER",176875,8405,31628,1193,307,243,277,151,199,740100,451141,1696
"MR. GOLGO 13",176801,23115,17048,4255,320,322,131,80,952,840400,398857,1888
"CRAZY  BOY",176337,19874,25475,7290,203,954,530,85,2175,1936100,447142,4236
"SHIN[]BI",175144,9326,21343,453,405,228,124,116,526,547400,127583,516
"SKATE",174403,2842,17408,47,755,190,159,64,257,239400,114163,241
"DERPEW",174324,11512,24962,3465,467,307,214,105,428,948800,636502,1540
"GRIEVOUS",174144,11512,30282,2460,164,182,160,126,499,874900,703632,1680
"JOTUNN",172538,9915,27931,1105,344,202,149,32,830,643400,377799,1727
"CPT. OLDDIRTZ",172104,14728,38120,7082,111,172,304,151,513,1289300,1138774,3793
"ITSLOVE",172079,12266,26830,2879,293,310,218,150,743,890700,446208,1779
"DMITRY",171916,6513,15130,2097,258,214,175,36,380,321500,227355,1970
"WISCONSIN ",171806,7611,15496,4106,191,338,247,38,938,630000,183963,2798
"SRS SCIENTIST",171068,3342,11352,1213,349,160,51,42,53,329400,180931,374
"YAKURUTO",170245,13695,34069,9451,157,453,661,133,1164,1265000,432167,3518
"MEGAPUDI",168443,13852,33197,3672,280,210,342,389,509,1118400,507284,2630
"PARTYMASTER",168265,7213,23396,2602,253,171,153,18,208,450000,442239,1091
"SIVISTOJKO",168084,12789,30882,979,353,300,242,76,687,1027800,746120,1249
"SCHEILL CHAKFORD",166915,11143,33610,1299,381,684,549,116,604,1157500,350796,4186
"MIGHTY T",166396,10668,26618,5272,311,254,286,151,485,810100,472312,2698
"TETRAFOX",165764,4747,13948,707,285,303,289,35,290,453000,145207,1194
"STAXX",164778,8309,26014,1747,419,388,223,126,296,692700,421552,2288
"PIG001",164582,12145,21733,4010,705,557,250,22,814,743500,206877,1668
"WO HAO PANG",164299,8410,27078,2108,253,231,187,81,452,799800,261824,1767
"DAKKAMANCER",162594,3356,17093,728,193,260,172,262,278,385000,286108,3577
"KIWO",162138,10329,19298,1731,235,388,204,41,683,774000,333580,823
"CPL VERMIN",160598,8136,18106,2588,273,275,337,28,669,427400,188103,1233
"MINGY TITO",160304,12739,30761,2644,206,369,212,32,624,825400,604373,1874
"ANCIENT",160194,4725,20361,102,1406,65,259,4,47,229900,209808,67
"YIVI",159701,8992,35031,3590,179,17,25,194,81,618600,638780,480
"ROMANOS",159530,19338,32359,5544,465,264,292,98,1012,1401000,686458,3580
"SNOWGOLEM",159394,9478,29601,3145,244,189,211,124,274,832700,491129,2834
"ZEROAZURE",157869,6322,17145,2355,523,366,187,100,612,535000,338614,1315
"LUO.KE",157723,8688,27099,556,491,164,112,182,365,663900,126564,1041
"Y-CRAD FORTUNA",157122,15235,32406,8218,132,301,299,145,888,1730200,444412,2683
"VANCROYA",156447,9072,25086,3636,162,505,280,196,272,817100,415983,2995
"SHAMMAS",156176,10424,32603,624,340,79,84,201,243,650100,449079,496
"PUSTOVSHKA",155484,7503,19392,2287,304,248,187,69,428,544200,332065,1386
"E-77",155314,16310,29981,6388,86,263,352,70,835,1567400,714898,7118
"STRUKTO",154531,14038,31209,2671,186,220,376,144,681,857100,410759,3616
"ROJOBOW14",154419,11927,27536,3378,231,247,254,65,588,767200,433337,3447
"CIPERILLA",153724,5555,18396,2191,200,342,273,34,326,484000,228042,3585
"SORCHERER",153604,15505,25682,3981,148,539,476,74,1179,960300,248302,5099
"NEKO NYAN NOZOMU",153120,2906,16399,54,876,117,44,46,53,226500,126425,432
"SEXYMAI",153016,10932,27086,2252,405,594,281,7,713,738300,568630,3821
"LUKEHX",152926,9457,27241,4563,164,143,165,206,341,681400,512585,3254
"BAMBINO VEIRA",151975,12326,32953,5770,159,215,306,90,588,884200,851251,5204
"KUWAII2",151164,19815,20678,3679,281,419,294,342,1205,885400,333131,3573
"CHENDLER",150656,14360,30915,6497,145,389,573,44,1459,1044700,629017,12147
"RAM-KULTS",150548,2415,18055,64,2080,218,80,39,47,166900,252766,728
"SIMPLYSIX",150294,8895,21562,1550,235,142,190,108,328,567400,295365,1341
"SWORDHORDER",150060,12722,28958,3923,172,76,133,44,236,796900,235912,830
"MAD LARKIN",149633,8878,17688,3782,179,207,181,52,221,746300,204677,1995
"EL GUAPO",149377,13338,26751,1670,185,172,169,84,666,712200,380928,1634
"RORSHAK",148684,9965,24192,2720,222,124,114,56,431,722600,705136,2607
"NIGHTCAT",148349,7299,18307,1768,193,391,206,111,441,650600,232519,1105
"MORTY885",147939,9886,30674,4034,165,155,315,55,523,985700,453544,5399
"VUILAARD",147618,11008,25078,2399,375,279,146,57,488,839000,366659,1471
"NEKO_VANILLA",147481,7366,24860,3612,249,387,419,19,590,663400,430965,2409
"KARAKULIAMBRO",147105,11778,22024,3338,168,557,158,133,679,1008900,333453,2362
"DETECTDEFECTIVE",147023,12569,27871,5541,171,319,207,164,269,1319100,311939,2480
"PPRAD",146904,19815,36587,5043,112,82,162,161,471,2098100,1200119,2699
"ACME",146848,7225,17711,3237,129,286,174,59,635,596600,320904,1658
"ALKS",145903,8801,29837,3668,729,220,235,67,471,538500,655044,1881
"OFFICER1234",145444,13434,28015,2628,122,252,317,385,458,1181800,701619,2167
"CTXXC",144665,13142,29406,6216,257,202,165,31,1012,1161300,554028,3006
"MR.SQUASH",144353,8302,13381,3257,190,220,205,184,593,624100,290091,2059
"SHOTGUN",143867,10524,16853,3066,191,1059,252,2,296,1053500,157417,2885
"TASK_FORCE_GATOR",143292,8668,27544,1604,196,44,66,215,127,471200,410493,2732
"THESURVIVALIST1",142994,10458,28269,4736,178,96,83,98,367,942200,499691,2129
"SPINGRY",142806,10934,30775,5350,247,159,254,54,553,924000,570653,2094
"ALBIX",142480,9898,22290,1860,648,620,385,38,904,581900,173952,2426
"CARLOSDANGER",141704,9014,27329,3914,135,162,181,59,593,799300,507386,2221
"L1ND34D",140821,10822,15741,2245,176,534,317,42,1108,783000,229648,3236
"ADEN",140074,6274,21907,1199,373,357,239,289,407,603300,315350,3284
"AIRONE13",139828,9747,18272,1505,223,261,175,122,469,772400,472613,1763
"TANO",139444,14390,26702,5180,355,269,209,197,782,1018100,418551,4003
"NBDX",139325,5970,23692,2417,415,204,102,26,155,472400,613059,1143
"VISTE",139230,10604,22463,3726,150,150,71,156,461,690000,835316,942
"SEPTIMUS",139229,12320,22567,3318,104,171,385,27,537,744400,1168901,2647
"321JERRY",139103,14726,23663,3003,209,238,207,98,703,942000,279757,2296
"VLADAF",139016,9493,29047,3105,228,177,276,139,352,853500,333541,2110
"ATORI GA KISHI",138791,2994,17640,29,944,106,45,56,30,215900,102981,344
"SOUL",138664,5695,20827,207,298,181,200,124,161,470200,277554,465
"HYPERACIDITY",138041,7083,27784,638,434,85,73,45,124,564500,472314,666
"BUMWORMZ",137947,16304,27618,5111,188,175,231,123,365,855800,670370,2153
"9641",137294,11636,22217,5092,130,100,85,184,660,700200,474659,1028
"XM177",137022,4622,15797,2418,130,177,90,260,215,437900,359015,1068
"REDLAX",136966,12669,19321,3200,132,459,220,287,412,1032099,359494,2043
"BEENUS",136797,18038,26025,9684,719,708,565,226,1455,2000600,401068,6925
"MR. VITON",136797,16599,26933,3702,171,193,281,209,679,1377800,1084768,2100
"MR. GREEN54",136690,5577,23567,2505,161,201,139,50,388,412300,499467,1714
"CREEPER JOE",135751,5621,14744,932,311,131,111,105,226,430700,349224,728
"ELAN2",135253,3690,12268,177,414,149,98,109,109,254100,141676,1025
"ZULU-X1",135059,8209,23254,1134,440,214,245,71,520,667700,104808,778
"HUEY",134860,3699,13697,596,304,172,123,135,169,335100,270364,894
"SHOTGUN JACK",134604,12400,26840,3591,193,210,246,166,575,764700,413840,1858
"TUSKO",134523,10775,18989,1522,266,235,199,144,434,804800,401521,848
"ZERRAT",134293,7077,23688,3934,165,483,202,38,334,710500,385546,2825
"MOONRUNES",133606,21067,24099,6055,119,274,421,149,1409,1831600,337221,3525
"MAJOR D",132483,21042,23197,4567,240,352,226,149,537,952800,560588,2675
"DARKART326",132228,8164,20070,4471,159,147,152,111,450,600000,275900,2396
"AIOE",131677,6697,19180,1817,155,312,138,92,242,529400,293780,1405
"CHIMPANGEE",131303,5338,12021,1215,152,224,110,41,316,430700,174966,966
"ADR1DU16",131234,7974,28101,1584,340,271,270,45,456,549300,337476,2427
"FUZZYDONKEYBALLS",130657,10961,25333,4976,89,141,109,47,368,733400,461272,2264
"KILDAR",130449,8220,19377,1124,477,271,161,194,365,630700,222422,715
"MR. HAMMER9 ",130161,12163,28297,2384,662,261,233,49,655,770500,483095,2000
"SLEIVERX",130032,4647,10503,1519,158,269,129,47,308,331400,124309,1342
"AZNMIKED",129586,10842,17139,1445,398,137,185,145,492,595300,178138,3016
"JOSEPHWNWN",129574,7266,27367,4856,197,206,180,61,314,664300,570289,897
"FATUNE",128871,8556,15393,3080,290,251,176,26,366,531300,210549,1184
"ALWAYSHUNGRYLEH",128268,8407,13512,2131,152,293,147,166,437,662000,295320,2152
"BIGBOSS[KOR]",128258,9058,28442,3780,148,244,348,91,300,684000,474334,3251
"BAST",127914,9384,22137,2247,434,218,99,40,245,683900,499570,467
"ARKONIUS",127699,9969,18006,1229,404,202,148,171,266,736200,327722,526
"IPMAN2",127293,5671,22868,2331,318,143,197,50,355,435700,266019,613
"NONEJ",127048,11211,22037,2753,254,256,199,118,339,879700,318967,1707
"JOHN CONNOR",127047,12396,20711,5828,286,163,97,14,661,712100,444240,2306
"HELL$ING414",126769,9464,20449,4319,661,306,285,78,580,667300,256465,4062
"SUKMADIQ",126576,6092,15421,1151,425,345,231,51,581,475100,253435,812
"ACPERIENCE",126149,5792,11666,1982,213,182,118,129,292,497000,197897,1548
"GRZESIEK",126043,7721,24368,3168,168,125,184,208,411,633700,423231,2457
"JACKMAYOL",125664,7515,17454,1354,194,468,257,54,254,393900,158112,2990
"MIKOMIKO22",124379,7981,20314,1923,312,179,258,146,367,560800,118325,770
"SEBASS",124025,9736,24409,3828,171,200,127,226,486,799900,454329,2803
"CAPTAIN MORREL",123601,7954,16322,4739,189,228,171,117,706,717500,262106,2042
"MR.MOLA",123221,8768,24499,3272,181,324,326,177,404,849000,330831,3049
"MR DEATH",123114,6963,19272,2318,190,125,182,48,328,547600,299738,1175
"LORD UGI",122662,9274,24844,5074,104,440,312,27,597,737800,459252,4620
"JUNGL1",122497,6974,22750,2786,180,148,168,128,244,567500,353676,1505
"INCOMMAND",122209,22783,32233,6067,137,268,362,13,557,930900,740043,2067
"SGTBAKER",121248,4639,12091,1309,209,67,124,28,142,295300,165001,746
"SKULLCRUSHER",121203,22673,23233,2038,149,220,273,154,849,857300,223356,381
"FISGON COCHINON",121028,12474,26224,3605,217,110,171,275,709,1113600,777363,1868
"MR.QOO",120756,7005,19855,1202,238,329,212,30,690,554400,322610,1621
"SEIKO",120344,7031,20629,2054,376,290,210,61,539,537000,466472,1269
"WASTEBOY",120199,6216,22363,1791,453,337,308,16,566,529400,240424,1729
"KARVAJO",120038,11557,16967,3937,126,426,213,44,515,844900,359593,3175
"MR.GREEN.BEEN",119761,6745,17050,1712,359,236,172,39,447,534700,392661,1703
"ARCANATYPE",119595,11265,25959,2659,205,339,473,66,441,1032099,645852,3189
"RUDOLPH",119581,7640,25764,2148,256,232,298,50,505,528000,352248,2624
"LONZO WILKINSON",118960,8419,14201,797,241,238,197,95,416,494700,202426,1886
"GARUDA",118950,6925,22090,813,418,296,185,31,215,520299,310805,1191
"ROCKENREJ",118689,15274,24789,2949,175,232,214,252,603,1037000,659698,2666
"HUGHMYRONBROUGH",118670,11936,28470,6708,105,345,244,51,301,1352000,662438,2243
"AWE",118554,7509,24372,1278,319,77,108,118,224,548300,353845,417
"DETIGER",118439,16896,19733,252,382,260,76,79,60,1181200,253864,393
"MAVRICK",118242,5514,18539,466,431,181,141,73,133,477700,283348,851
"MR. ROLLINS",117182,10316,20960,1790,206,408,264,43,497,809600,263244,1891
"YAMASA",117028,5343,19705,1442,343,387,143,21,179,453000,331857,1928
"TYOSYOEN",116874,4100,10159,1997,163,160,116,51,349,330200,171407,1179
"SUPRISEMOTHERFUC",116734,7459,15599,1476,195,456,503,66,549,672500,171774,2565
"TACTICAL TURTLE",116524,6169,22066,1643,197,241,227,32,391,572000,153172,789
"DIGFLO",116512,18922,25372,3955,207,164,242,22,738,1052000,557502,3317
"SAYORI SENPAI",116329,1634,7953,35,874,82,37,45,61,104000,29378,217
"SIVISTOJKO2",116144,5470,19514,212,620,352,206,31,224,441400,367287,764
"ICEONFIRE",116052,10118,26628,1461,196,120,148,122,330,677000,424173,2782
"5083100",116038,9934,22429,3081,316,214,221,102,562,823300,376067,2123
"RADEC132",115691,9283,20095,4057,142,210,193,83,574,777800,465445,2318
"LAVITICAS",115481,6270,15880,4300,264,167,135,46,508,414900,312936,1094
"ELIZABETH",115290,5353,16910,2518,227,203,171,45,224,479300,361725,1491
"CPT. TYPHUS",115234,8382,16768,1580,403,271,126,106,426,665000,226339,1900
"FLADFISK",114535,10346,19406,3632,126,148,130,43,545,758700,264376,2524
"TRITTEN",114461,11534,18142,2846,1151,189,126,94,353,577400,318714,2169
"CHEXSLOVAKIA",113864,10191,22283,3201,165,149,170,204,421,734700,369683,2106
"KEVLAR",113651,7926,17752,2951,126,83,138,156,398,570000,271701,2394
"MYNAMEISURNAME",113424,7252,25100,4187,277,103,247,16,311,633300,519596,4054
"THORAXE",113319,6320,9082,1515,197,217,93,15,586,410100,141438,546
"PVT. BEERCAN",112961,5046,13868,1179,372,130,161,62,284,356000,343495,740
"ANDEXA",112955,6596,14667,1422,209,79,93,84,165,447800,306417,1103
"DOODL",112831,5875,19366,1908,230,273,101,23,249,424800,282293,1440
"DIAMOND DOGS",112681,5968,16104,597,438,206,150,187,270,506200,277347,248
"CERTHIC",112126,6176,20052,2135,128,159,87,103,235,504200,259979,689
"SPOON007",111910,12851,28384,6687,179,124,240,37,377,841900,832579,2130
"EASAN",111398,15062,14555,3461,257,328,207,63,1209,1041000,350256,1901
"EL DESTRUCTO",111069,7843,21644,2828,419,164,152,115,101,584900,377264,715
"DERRY STARK",110817,12007,22781,2270,237,301,321,76,355,814100,381356,1253
"BOB DOLE",110562,6892,11874,475,305,179,165,109,188,487100,133108,1682
"FRONTLINER",110293,7719,21586,2458,418,127,101,110,192,600400,346674,1184
"ZATRACENIE",109965,7143,18923,2307,192,223,168,30,344,696900,181782,1818
"DUHDALEE",109638,4471,12386,1415,193,215,90,53,199,352700,173897,706
"MAKSSI",109305,10294,16109,3095,672,410,199,109,616,741200,297313,2186
"CALAMARI",108786,7570,17542,2248,251,163,199,74,326,625400,305278,1659
"WARMONKEY",108686,7191,17113,2352,192,211,197,117,288,608700,420768,1498
"ZERO0FLUX1",108644,14947,27795,8964,80,124,198,134,178,1197000,721381,2537
"WEASELA",108365,6350,19452,1389,325,245,138,117,208,562000,393195,595
"FACEDOOAZE",108364,8469,21845,3519,139,227,328,31,638,691500,338088,3399
"MINISHEEP",108300,8734,20330,3220,168,143,224,50,297,858500,433408,2577
"GORING LANGE",108088,6498,20886,902,244,171,223,22,322,470100,298174,1130
"SMELLER",107210,6052,18937,2297,173,216,148,38,241,532300,206632,2335
"MR. GREEN HJHF",107187,8567,26844,6351,87,52,161,25,180,701400,555439,1971
"RECR",106835,9132,23009,556,343,146,233,157,201,580200,224760,1691
"DEXTOLE",105784,7371,23782,2180,1059,264,68,4,100,466400,478768,735
"MR. F",105314,8430,19496,5167,811,199,241,98,509,689800,354173,4256
"VOLTEFACE",105299,6504,15900,2337,155,174,237,20,573,465800,365650,1780
"SAXHLEEL",104415,4958,18628,353,684,97,62,35,110,308800,200639,1943
"OMEGA ECHO",104410,9965,23317,4405,117,119,119,55,291,672800,426770,2549
"SIR DILDOR",104181,11058,18057,4717,104,264,204,58,451,917600,374847,1912
"KETCHUPWARTHOG",104151,11481,19843,511,260,460,678,91,615,1138800,392624,1285
"ESNALO",104109,6282,20378,4386,142,159,162,86,409,552800,231444,3134
"LT. COL. SPIDER",104090,6572,6696,1700,255,114,87,49,209,451400,62198,1126
"DANNY STOP RUN",104018,12824,25254,10519,214,176,83,23,444,956300,526402,2833
"GSNETO_BR",103836,8070,22551,2862,213,80,229,255,230,690500,446417,2750
"BLACK_JACK",103658,3354,13402,242,360,359,539,56,356,239800,80432,2050
"DBOTMAN02",103449,8740,19010,3645,189,53,99,47,212,519700,351290,663
"ERANDELAX",103237,8218,16375,3487,268,179,155,173,465,578400,249848,2636
"DANIEL2902",103212,11219,19966,5322,101,251,298,43,751,1042200,405846,1730
"OILD",102373,6661,14764,3180,178,351,116,23,379,579100,248262,1143
"BLACK JACK",102361,3564,12939,287,444,437,450,56,339,254400,80934,2072
"LITTLECANADA",102243,7444,17877,1734,186,82,170,97,158,582800,305495,1467
"MARANELL0",102196,5378,24696,245,821,239,308,4,357,300000,67427,1322
"JOHN DOE",102147,9129,15209,1971,139,138,277,124,491,519000,323566,1770
"PIZZADOX2",102075,10024,19152,2003,467,148,95,118,462,804000,248798,1563
"SUZUKIWYS",101919,8072,15503,1606,145,307,131,104,664,600900,247167,2346
"QUIDDLEWIN",101856,7264,21611,2614,212,88,268,60,204,704900,386071,2170
"KACHI",101808,12758,20530,3146,163,102,152,132,512,1221200,418718,1420
"KPACABA",101663,7685,16212,1234,343,292,133,32,310,619800,222573,987
"EAT THIS!",101620,12524,20874,5141,246,360,174,5,587,911000,528184,2606
"BLACK-JACK",101536,3133,12105,250,298,430,483,45,292,235700,72404,2041
"BARONVONKLEIST",100657,12342,21908,5317,94,193,271,67,837,1026599,455911,5837
"BERLIE9R",100395,8365,23436,5360,133,23,70,120,93,642200,576274,1490
"VANCROYE",100376,4059,12300,2030,375,217,113,139,119,384700,183019,1370
"SPIO",100345,6557,12622,2704,353,194,68,43,248,553900,103095,1379
"4LDA4ZAB4L",100062,6333,16427,1688,189,274,86,25,181,487000,326610,461
"GARLIC BREATH",99573,6256,20574,2808,124,183,447,18,258,544500,257968,3630
"SOFT",99455,8741,20398,3479,196,182,213,30,314,588000,430181,2452
"MALICK",99075,4242,15347,591,573,135,76,22,247,392600,351286,885
"TROY TOX",99037,7546,22128,5481,157,113,250,18,243,698300,283672,4335
"LIUSUAN",98793,8468,19746,2623,185,491,331,40,850,695000,299588,2827
"COMRAIDX",98479,5283,15422,765,213,143,174,228,159,438800,176744,1735
"NORF99",98231,7900,14631,3433,259,221,207,104,476,720200,299744,2866
"TAMA SENPAI",98093,2183,8918,67,680,94,31,75,55,163500,52528,250
"ARCHIUP",98041,5676,19539,802,721,123,204,129,218,372500,129289,138
"TIM STRYKER",97605,19782,12319,3475,150,341,355,186,2402,915900,128390,11353
"SERGEANT VODKA",97565,5202,16603,158,373,208,177,92,227,470400,225120,306
"MR. DOZBACK",97562,8328,19121,3712,242,156,199,91,348,657100,201390,2985
"MR. LITZZZ",97423,6076,19643,2959,247,76,72,11,185,496200,221184,828
"SAMPPALAA",97422,6846,21542,1464,241,115,139,32,218,476000,354880,575
"SPADE",97390,8419,17924,2518,215,204,204,52,273,668500,206498,2878
"THE HOOBITY",97317,6992,18878,4200,177,195,48,63,197,791000,279571,1174
"HALP",97304,1438,5663,52,207,136,73,4,107,135400,105742,246
"ARBITAE",97293,5039,15743,1250,174,136,128,116,84,451700,233965,1318
"KEROXSEER",97220,4943,14920,2065,112,197,35,209,160,541000,332620,748
"R2D2",97185,9424,21289,5119,101,50,83,147,126,672400,346842,2046
"MUELMUEL",97185,9689,17689,3871,139,258,269,36,659,570200,243868,1136
"WARPIG42",97147,9723,23527,4200,87,288,301,60,563,821700,406337,4129
"JACKZWC",96845,8586,14199,2720,223,144,205,112,312,834800,283966,919
"RIGHTEOUS SINNER",96780,9215,19817,4291,148,210,125,178,358,719400,559606,2239
"PLASTICHEART",96719,9058,21648,2159,243,172,128,84,209,632800,391102,1313
"TONYMACARONI",96440,10412,13770,3201,106,211,152,63,725,746200,336255,1770
"STATIC",96339,10768,11208,3028,150,108,132,197,551,519900,253824,1548
"BLACKCATGC",96331,6370,16108,2818,134,226,101,72,325,565700,209748,1399
"SPAXXYSPADE",96143,6861,12254,1685,98,155,95,74,474,505600,126790,933
"EVIL GENIUS",96085,9149,22522,2645,188,24,86,225,151,677900,312582,1224
"EAKING",95927,3481,11351,440,465,215,178,54,338,297500,66323,1580
"JAMIKAZIEE",95870,11361,21360,3449,270,88,151,97,230,857400,695663,3266
"LT. MORA",95565,6667,20027,1759,238,111,101,130,235,489300,206632,1434
"KIRBY",94943,7139,19581,3181,175,200,135,103,229,764200,173049,2579
"EMMERICK",94659,6104,20452,3404,141,57,113,61,110,506700,441341,1565
"MRGREYGREY",94491,9443,14819,2608,170,232,202,21,371,550800,220823,1903
"MESS",94217,3020,10414,255,555,186,150,32,260,227900,115067,769
"SOLID-BRAIN",94010,4730,19780,2030,262,65,58,76,142,391000,376995,1384
"VALOR",93896,10081,23397,5954,157,96,116,142,204,769200,317477,3724
"STOMPT",93683,4251,17833,722,876,139,57,43,166,339100,184082,803
"DARKSOULLESS",93594,7579,16199,1542,291,76,94,90,384,503600,424683,947
"BEGIRAMA",93525,6819,22142,5935,140,98,209,31,238,605900,537202,1656
"PROLOVAG",93307,4566,17153,672,226,198,553,17,337,365600,181439,1336
"FRESH_MEAT",93121,8952,20627,1518,284,189,136,84,212,677700,455772,1016
"ICANFLY",92735,6575,21174,4959,66,67,242,44,210,574200,394160,1820
"MGTOW",92729,7537,12122,1654,199,159,129,41,210,498100,118760,1846
"PEEPSBATTLESHEEP",92589,5711,15660,2947,119,93,145,55,230,416300,374830,2457
"BURT REYNOLDS",92576,9200,21780,4350,192,146,179,25,419,688900,388176,1525
"XAN47",92126,6568,14796,1267,119,150,119,388,168,464900,235465,1290
"RETROBAT",91906,5750,17338,1161,145,135,300,198,180,566800,333197,3824
"KAZUHIRA MILLER",91739,5521,15979,1464,228,212,201,241,273,420700,226135,2156
"KROGAAN",91537,4857,9295,1424,152,159,81,13,403,383200,133751,1947
"FALSHMJAGER",91346,7284,19244,4759,134,110,105,23,163,555300,242127,1851
"JAMESXC",91279,7777,15498,2020,151,142,183,122,433,635300,339961,1155
"MANNY GOLDSTEIN",91108,4961,8120,258,521,115,108,21,246,251800,68551,1715
"KEARU",90906,7670,17407,3258,94,292,313,103,290,698400,457537,1257
"SGT. CHUCKLEFUCK",90527,6740,13890,1846,181,286,110,50,228,507500,195121,1966
"SOLID.SNAKE",90167,2504,9834,31,470,141,64,20,123,235900,111552,313
"KENNY87",89989,10802,20294,3318,210,50,48,30,547,832300,425122,458
"SIDESWIPE",89969,3939,10951,1290,117,178,160,98,299,389000,196903,430
"BUD",89914,9130,10330,3157,162,169,144,32,641,549100,155555,670
"ELITE",89875,9317,18047,3056,195,159,54,39,122,732200,294918,1239
"ZIEZO",89570,13078,24688,9304,69,134,235,25,458,1096900,907678,4647
"SOLIDUSKAZ",89523,7753,18736,3311,181,171,126,12,362,719700,371850,1661
"GNGSTRPENGUIN",89468,6340,14505,2684,193,138,240,116,303,457600,249412,2119
"FISHBONE",89466,5610,15042,2985,132,152,180,3,298,430100,255479,613
"LEZ BATTER",89293,6342,18652,619,326,149,341,126,184,441000,531273,1648
"MANX",89277,9100,17866,4728,300,296,118,42,415,818000,333445,3904
"GAMEBOB904",89167,18606,16255,3821,111,305,228,19,907,1414000,185993,3467
"ENGI JON",89166,5945,19562,4300,160,168,199,63,288,461400,352693,3032
"DOMIK",88971,7026,20160,2314,184,139,115,63,225,542300,319537,896
"MELL",88857,8993,10300,3126,79,318,98,36,567,637400,138568,1571
"FESTIVE SPANKY",88106,6524,19921,2316,174,149,94,50,234,571300,371205,1126
"JOEY HASHBROWN",87920,10180,18035,2816,159,51,87,59,360,690800,483144,704
"NOWHERE",87641,2772,6830,932,205,132,119,16,161,178400,42548,551
"GUNSIGHT711",87536,9710,14639,506,451,264,362,45,257,525200,199320,691
"REJECKT",87274,7645,20918,2758,189,47,77,21,117,534000,285430,1514
"MR. GREENLEGOPOO",86925,3736,10108,1239,149,145,106,1,110,344700,234948,747
"WEED SMOKER",86775,10557,20335,6330,257,211,230,32,540,938600,511985,6135
"GENRIT",86653,5691,11757,2288,173,123,83,67,149,467800,108306,562
"BADKID",86580,7760,15663,2131,169,185,234,59,271,557300,161068,1726
"NAGY",86424,6316,10722,1174,222,309,262,14,543,389400,54853,654
"MONTAGNE",86314,2406,9828,571,200,70,30,17,69,219100,163954,859
"ANONYMOUS",86221,6398,13901,3697,136,151,62,118,314,569100,248525,484
"MR. T80",86137,8916,12381,1949,104,199,137,242,451,708300,255711,1771
"DARKDICE",85995,4410,18324,1888,469,176,272,94,342,366400,242034,2419
"YUHAISHEN",85970,7766,16003,4010,160,101,104,143,536,617400,306545,797
"KEMREN",85920,5911,15703,1687,167,74,61,34,298,466600,326653,899
"QUANTUMSHARP",85774,4805,10117,679,150,171,82,76,269,336200,127014,653
"EVGENY",85766,5581,20765,3935,85,35,105,33,135,474600,393263,2567
"QUICKLOAD",85664,11473,10589,3568,167,294,223,86,665,648100,176927,2773
"MINAMOTO",85617,7793,16872,2609,437,268,212,30,753,478300,272913,1980
"D.A. BEAR",85409,4058,9855,778,219,125,92,52,256,291400,200491,956
"GYHARE@GMAIL.COM",85407,5618,19006,3208,242,102,77,41,259,518100,347294,1253
"DANKSTER40",85224,3891,10431,1369,138,41,76,23,135,293800,255037,546
"HOZ",85150,6824,21500,2346,181,40,130,33,219,569100,591409,2488
"RUSSKI BLUSSKI",85129,7815,15481,2069,162,115,195,220,182,599900,314698,697
"STENMAN",84800,5371,13224,836,727,228,110,93,331,434500,149419,575
"SHADOZE",84637,4483,17202,1474,223,35,148,58,100,390000,263228,1052
"NICK2495",84608,7517,14785,3902,201,276,153,164,453,656200,240573,1558
"THE NUKER",84571,6488,16568,1889,430,170,175,77,298,541800,83646,1340
"ASSWHOLE",84545,6610,15182,1831,187,94,56,42,180,575800,256157,1017
"GUGUGUGU",84496,5065,19093,4967,363,133,189,5,383,617500,350772,4298
"TRENCHENGINEER",84216,4654,10590,2478,119,101,121,66,168,358000,173313,1097
"MAYSTERNEWB",84183,1237,4991,74,386,75,45,32,120,88600,109483,199
"VALKERTOK",84097,3299,10216,1772,127,173,160,28,319,300100,101126,769
"ISK1N",84042,6946,13272,1478,171,199,153,61,255,461400,149024,670
"/CASPER\",83726,5664,16447,1996,139,46,41,89,164,490600,277486,1971
"MR. J.Z",83629,7213,16089,3184,184,209,93,26,346,626500,306536,1774
"SILLANO",83515,6865,10879,1580,185,296,114,24,238,474000,63775,881
"ENDREDLITTLE",83443,4765,8316,2370,126,105,118,73,296,387700,296327,1752
"RICANET",83400,8945,22009,7851,95,21,79,0,409,649100,574208,977
"BIBOULLE",83195,6737,13522,1594,120,99,187,51,367,412800,156758,932
"WHATEVE",83180,8773,20245,3583,417,188,122,34,261,676600,422947,788
"TEHBIAST",83086,7974,17193,3468,236,107,104,99,250,704000,374141,511
"TACO SASQUATCH",83066,6198,19185,2782,171,90,183,49,200,512000,247772,1424
"BLOODNADE",82855,6150,17380,1686,303,60,113,54,191,506200,387976,515
"ROBOTICHUNTER",82560,5452,17196,2918,128,50,37,147,103,447500,448326,1639
"NASH",82480,4745,13093,1935,177,215,109,31,210,487400,166373,1170
"GOTTABEGAMING",82316,6221,11674,2734,283,145,169,33,207,499700,138484,603
"XDZERO",82178,8752,16182,4136,149,331,69,65,200,711700,244225,1505
"WEAPON DELIVERY",82108,1577,7137,34,688,102,62,1,97,128000,51915,215
"STORM1",82002,6432,19218,4185,113,40,112,10,149,520100,381464,647
"DRAGAVX",81864,9962,14157,3745,136,313,140,118,605,1022500,332827,2461
"PUSITEGA",81680,5869,13680,2454,330,237,151,15,236,504700,210375,1758
"STICH",81642,5077,13392,1621,118,154,100,67,129,425900,276964,589
"SEAL160",81623,7687,16413,2398,384,66,144,94,240,545500,254291,1101
"DARKTASH",81409,5532,15599,1705,218,187,136,71,191,449700,208092,1292
"DORA",81212,7816,13465,2089,201,171,238,275,462,564800,211560,2495
"ABOUT 30 NINJAS",81208,3987,14310,1535,124,132,146,39,103,417100,256685,1650
"CHICKENSLAYOR927",81069,7013,12886,2399,225,170,140,101,275,569300,237057,1029
"DR. DIXKOHL",80932,6645,10207,2567,104,122,122,25,423,502600,156894,2112
"ANDY202038",80903,5413,14237,2134,168,92,140,59,244,461000,252689,1663
"MR. SPEDDING",80887,6658,18881,4157,104,111,162,67,190,603100,459844,2492
"MARKUSMAN92",80876,4087,16264,1784,143,143,81,10,341,376800,158803,1156
"EONIGHTCORE",80859,7484,11454,2635,118,216,158,145,345,589100,128005,1346
"CASEY RIZAP",80822,8412,20762,1964,396,62,73,92,128,471900,182805,607
"JMAN86",80820,7629,16199,3743,228,126,120,32,450,586100,194100,758
"ITZA",80523,9408,15406,5140,70,202,77,40,598,670300,273098,2389
"ISTORIK",80486,6470,20256,5186,63,98,166,137,328,561400,480808,4480
"TDN",80059,6327,17701,2800,206,362,328,8,704,506900,420508,1776
"THEDARKOTHER",79910,3783,5668,1434,223,116,60,39,213,286600,76539,216
"HASNON",79722,7360,13583,2492,194,169,189,135,810,641900,242185,2457
"CATSSONOVA",79629,4066,13571,3300,98,156,161,34,308,393700,230791,2533
"NYCTOGURL",79427,7313,14929,1862,135,81,76,56,276,466300,287318,1342
"NEY.S",79337,5424,16161,2001,180,158,175,31,389,473900,195506,874
"KEVINDT",79266,7045,13924,3218,103,177,115,53,380,573600,251866,1547
"EPOCDOTFR",79005,5954,17317,2602,106,140,150,25,217,411000,203249,1761
"COMRADE WALTER",78916,9109,20829,6850,73,124,85,114,539,714500,338278,4500
"LAZERBALLS",78914,5038,12031,1273,107,216,183,31,288,385700,155257,1429
"BETA",78904,4468,9403,1642,154,170,192,23,223,371300,102584,1528
"RIVV",78899,6367,10002,1442,263,174,115,33,641,398900,143406,1247
"GAGARIN",78837,4758,12186,1360,142,99,138,13,227,404200,211634,813
"JORGE RAGGS",78779,7973,16940,3192,139,183,256,91,313,784600,396567,3302
"HOLOS",78747,5894,11415,3853,80,247,238,49,676,534200,213100,2549
"TREAVOUS",78725,5738,11307,2339,274,132,87,61,316,375600,200539,458
"KENJO",78650,4780,7585,1159,144,273,213,36,368,313700,146502,847
"FRANK1887",78467,6898,19689,3744,167,146,301,54,363,551400,315044,4296
"MR ZZL",78393,4943,14380,858,182,246,345,50,280,511300,128065,740
"NIXU",78319,4237,15468,2907,90,51,43,65,147,345800,254464,575
"RORSCHACH",78243,10075,12865,1660,114,155,153,77,352,644400,490063,761
"MGREAT",78176,3990,8257,958,97,164,74,59,199,290400,94229,863
"MRCZKA",78118,7942,15410,662,201,170,208,121,254,915100,310896,1702
"FISHSSS",78088,4872,13349,1751,248,323,147,22,339,443500,188721,1142
"RG-DIST",78037,4309,13849,1789,265,113,187,59,364,296700,229324,819
"EERITIA",78025,4600,12708,1420,100,271,191,34,572,466400,254653,1055
"MR3GRAND",78023,7866,19189,4028,165,113,143,38,252,565600,569326,2519
"YAQOUB",77851,5690,15705,2715,243,97,94,123,299,548600,273087,1964
"REZ",77839,3725,7382,79,424,208,149,52,119,364900,134209,1042
"BULCEON",77660,7804,15920,742,445,106,145,97,286,418100,183667,237
"DONDERBEHAARTE",77636,7099,12631,1751,141,72,136,40,524,440600,215680,1015
"DAMONDIUS",77567,6718,18201,2977,191,49,163,155,108,517700,550387,1342
"SAM THE GUNMAN",77515,7556,7233,527,148,187,152,37,321,463800,93798,2364
"XLT BE",77281,6606,17717,2265,189,47,104,39,89,524300,290949,843
"SMO79",77148,5669,15078,2093,191,73,143,44,311,456700,248461,1629
"DRAGONFLYBANDIT",77004,9327,18257,6153,66,221,243,58,513,716000,343829,3743
"LAYONIX",76420,5048,9797,2278,107,135,79,91,459,399200,144380,1092
"THUNDERNYAN",76375,4793,14367,1534,172,96,122,41,268,440000,256328,861
"BONUS HOLE BOY",76338,5977,13065,1744,146,186,74,60,313,497700,190368,900
"EXELAR",76328,9974,18947,5020,145,83,100,121,349,657400,510400,2136
"MONTARAZ",76314,3561,11008,1460,119,102,97,93,245,277300,239187,1034
"MR.MSR",76153,4533,16803,2074,156,41,110,16,66,319200,275405,296
"NEWBIELEOGAMING",76127,5624,16169,1910,225,89,123,152,334,434200,360965,1138
"CAPTAINCONTRARY",75764,7587,18665,5620,138,46,136,19,289,587300,440682,1255
"PATRICKJQ",75692,4164,14602,569,583,89,97,25,230,325900,79729,570
"SOGEKI-HEI BEAR",75272,832,4071,14,440,41,12,15,39,48200,12887,41
"BIGSCARYALIEN",75186,4863,14947,3947,90,82,169,18,203,393400,220869,1507
"FBI1986",75168,4661,14412,2034,181,164,145,51,325,416000,257038,1257
"IYDP6HP",75086,5550,13064,2306,142,246,207,64,378,490600,212807,2446
"HYPERBOB",75052,8211,12706,2409,115,188,98,181,332,517600,196203,1385
"SATIRE",75043,1834,6540,1008,332,140,73,39,1099,103200,36627,1411
"WOLFRAGES",74987,5759,13851,1215,192,187,202,40,297,407400,203741,1216
"DIMITRISFOX15",74985,15937,12251,3586,110,393,98,91,586,757500,225255,1708
"NARO",74803,7490,17080,3471,214,91,126,105,336,518400,331214,1197
"ULIXES",74717,7120,12666,3377,174,268,194,134,364,592200,235655,1857
"MR. LIM",74565,7111,17462,3259,169,201,262,5,608,444300,152457,1468
"0VERSEER",74525,3816,10335,1486,124,151,203,32,270,349100,143271,2573
"AUDITOR",74294,8932,16820,4571,88,95,86,250,273,651200,347718,3272
"MRCHAOS_PL",74234,9734,10997,2732,82,401,506,60,309,1088300,140593,2252
"DUST",74221,4496,15149,2252,282,55,61,54,90,291400,276984,407
"PROMETEY",73954,6226,13290,1173,278,171,123,22,372,416300,128292,984
"UNDERSEER",73818,3648,9452,1473,138,112,79,38,163,298600,94350,820
"SAM BOTWAN",73379,5099,17528,2918,129,36,72,82,86,402400,378805,1911
"JACK NOVIUS",73359,3373,10659,867,174,122,88,39,87,274900,148161,893
"KAZBH",73310,6802,15225,1919,145,151,93,37,344,502500,247888,2059
"KASAF",73261,5561,12229,1555,220,157,81,19,224,451200,199412,617
"MAELKMAELK",73065,5802,16307,2571,85,157,144,28,284,507900,264939,1341
"MR. GREEN888",72627,8515,17839,6886,58,77,53,169,357,804700,442075,742
"00FOREST00",72532,3459,9106,1176,189,66,56,67,153,296600,91693,568
"THE UNKNOWN",72464,7059,10353,1546,214,182,152,155,354,599200,236332,1280
"PURESCURE",72440,6880,17154,3563,127,111,100,28,387,585800,290930,455
"NESDEATHANGEL",72428,3374,8153,1011,142,237,118,17,218,283200,88143,723
"CCFIDE",72411,3367,13249,380,361,102,143,55,202,272800,178555,1142
"REDRUM",72384,7384,13517,1400,478,71,51,31,291,373700,217069,581
"OLOKUM",71994,4348,11637,1182,124,189,132,43,288,391100,131986,1738
"MATGOESHERO",71966,6509,11774,2216,136,105,163,85,385,526700,179980,1201
"JY00553618",71937,8634,14075,1946,151,141,156,78,279,687600,236332,2894
"FLUXPATTY321",71811,4430,14448,2938,376,92,140,37,181,331000,243103,925
"HETZA",71724,3918,13867,2019,144,95,80,18,131,332700,283424,845
"PONPATAPON",71663,5129,16265,1180,188,13,28,23,104,437900,428623,549
"FISHBEATER",71504,4204,12639,1848,166,69,142,38,177,425600,237526,1731
"EMERALD",71269,6711,15288,2675,160,183,163,34,374,523700,242357,1148
"MASTER GRAVY",71263,6123,14620,1552,188,110,103,70,336,418000,264579,2241
"MAINSEN",71253,4641,13374,940,249,41,58,24,183,340400,323573,314
"DESTRUCTION8R",71112,10398,12608,2139,188,289,309,162,591,908800,187111,1389
"TEZZY17",71112,4045,10015,932,134,59,43,112,194,284800,254619,906
"STOKES",71063,5210,13928,1141,210,274,207,31,288,475400,224747,1721
"MILITANTFASCADE",70838,8435,13344,2868,216,64,120,60,216,546700,156262,1325
"SIR EDWARDS",70773,3793,15570,2524,143,33,57,22,133,303500,268244,812
"ENKIKAVLAR",70692,6089,12403,2227,104,129,105,53,201,448200,212457,955
"RILEY",70413,4349,12606,641,149,86,75,64,113,300000,164565,906
"SCOTT SLOD",70324,5007,14416,3128,117,168,144,98,164,438400,209050,2508
"STOECKMICHA",70287,7451,13396,1171,187,262,328,43,544,690600,361528,1587
"EKMEK",70211,7818,13290,2502,139,216,127,61,526,679300,232075,2662
"THATSOMEONE",70193,4059,12081,500,208,72,80,122,136,308100,161601,633
"DROX",70106,4941,14322,1283,318,43,70,129,187,320700,344179,638
"HMYRABBBIT",70088,4604,10799,2246,160,93,107,152,195,417700,278889,830
"FUNGUY5",69977,4931,11744,1225,215,104,101,150,237,477300,184589,1060
"G33KFACE",69852,3554,11261,1678,353,159,272,47,356,246600,114340,2070
"MR. STEFANO",69796,6665,13760,2529,192,161,178,15,351,494500,231980,2257
"ENDER494",69714,7015,10442,2766,150,139,175,71,276,500700,155951,1294
"ONESIESKINGS",69678,6282,15478,2776,172,50,39,26,204,553300,412627,550
"FUBUKI IS POTATO",69614,1540,5867,41,442,81,31,15,36,106500,30467,125
"OMI",69541,4907,13116,2352,153,118,82,18,217,431400,276420,1438
"KRAMPUS",69444,7523,16233,4438,256,83,109,10,198,594600,391846,1782
"DIZLO",69386,4585,15739,2613,93,34,97,8,120,325400,376364,1263
"SIGINT",69376,4392,11020,1689,128,103,55,57,151,394700,230760,1505
"MENACE22",69335,5716,16552,2375,192,87,92,50,222,353800,349591,1603
"WEDYK",69194,9500,15327,1655,229,127,89,24,234,671600,358982,605
"_A_",69180,8632,13145,972,161,69,43,93,316,630900,272680,538
"-=RIP=-",69127,4271,11154,468,184,58,64,132,93,378300,165582,774
"ZABUZA",68945,5325,11275,1583,146,89,94,45,155,476200,186209,1170
"EDOWIE",68893,3883,12973,907,902,73,27,47,105,269600,221170,729
"GRUMPYMUNKY",68795,4354,12903,1172,339,189,191,5,51,404000,163153,306
"HORTEN",68623,4950,8113,858,250,158,130,32,264,163300,56967,512
"UNCOMMON_NICK",68520,5106,12028,2602,197,115,92,75,260,450300,193886,1726
"MOFF",68503,6906,11396,2433,141,99,60,31,396,538400,212648,1875
"LUOKE",68405,3828,11387,413,752,118,50,65,247,315800,55238,416
"WORMWOOD",68392,7173,13265,1092,103,42,43,192,194,521900,307018,1206
"CRAWLIN",68346,5287,8400,1497,96,93,102,103,160,506800,171903,1324
"TRENCH44",68202,6519,9309,2552,112,167,167,14,630,449500,151247,874
"C4BOT",68042,2926,12692,352,181,32,61,86,70,224900,220113,760
"BLUE STEEL",68038,6159,9445,1790,113,121,70,109,356,479500,248866,815
"0LSSON",68002,7264,7603,1397,151,81,87,86,145,389800,53422,1037
"KURON",67965,6450,14442,4541,74,106,110,67,392,576100,265357,2272
"JOK",67947,5291,13506,2314,193,67,108,6,249,312300,240460,673
"STREET SWEEPER",67843,1910,5365,254,269,85,86,29,163,129600,53326,512
"PIRATE BISON",67798,3873,10132,704,301,107,87,39,156,258600,154787,768
"XAOS",67685,5461,13343,1177,191,57,54,38,182,434600,196415,603
"MOONSHINE",67558,4158,12388,967,131,102,156,45,219,347200,151563,1607
"REBELTIM",67518,3478,9080,625,167,54,47,98,120,275600,156533,543
"MR.VELVET",67494,5400,16248,3633,130,104,173,60,262,433100,343514,2128
"SHOOTY MCSHOOTER",67401,11258,10768,4641,119,214,157,92,523,969600,134564,1017
"DAWSINN",67255,5834,11896,2075,161,127,106,17,269,462100,258359,1117
"REI SHIZUKO",67148,536,3531,6,533,16,6,10,8,40000,11079,65
"VUUD",67031,8020,14971,1969,183,149,93,7,255,546500,320814,910
"MR. MONSTRSCAG",66990,4866,15131,2990,225,121,81,54,352,420400,150170,1918
"COMMISSAR",66972,5267,8905,830,171,195,139,7,345,423400,143343,1103
"EFFECTIK",66943,5685,12834,2343,120,91,127,80,265,400400,290674,1274
"NAKED SENPAI",66933,7455,12673,1802,132,122,178,107,281,608700,286851,1037
"ERICCIRE",66795,6594,10858,4061,161,185,89,70,297,598800,136356,812
"OPTIMUS CRIME",66719,4824,16394,2192,249,45,72,40,285,373200,124720,717
"UNDERSCORE",66655,5680,8692,1285,165,362,107,11,361,498100,163154,682
"MR. YOUNG",66583,5278,9069,1743,150,156,76,32,384,404100,162335,1126
"GUNDAMSOLDIER",66495,7306,10958,2116,98,110,57,169,202,696200,205334,498
"THAT SOMEONE",66494,5159,11219,3236,129,84,121,19,384,383000,256149,1129
"DOCSSY",66281,4045,11128,2221,277,119,63,33,157,323800,264131,1109
"SPACE DANDY",66192,2095,5751,494,112,98,46,27,179,186900,74816,536
"FOXY",66146,7169,12968,3599,100,65,112,51,421,612000,231595,1395
"FIRESTORM60",66142,7967,10545,1996,86,106,69,187,264,590700,165853,1184
"LANGHOS",66003,4485,15281,2251,122,67,181,12,205,349700,185580,1295
"SOLUMN",65987,7488,12611,2279,88,251,149,76,242,692900,151463,1156
"MR. HDS",65982,7144,15516,1885,206,144,133,18,598,696500,202690,1062
"UBQ",65893,7660,16402,4299,79,130,172,55,236,669600,346088,1817
"KUSHIDO",65754,4175,11033,806,289,161,76,34,107,273900,155646,477
"KIRISHIKO SAMA",65709,1423,6958,23,755,55,36,46,23,104800,34467,101
"PERPETRAITOR",65194,4207,9596,749,138,159,151,20,246,314000,140821,908
"JAYBLEEZY",65030,6035,16262,4071,93,24,153,14,74,369300,472042,891
"MR.JKL",64814,3179,5096,1356,151,70,71,25,131,276500,86818,751
"BURNY",64799,7841,18331,4013,184,164,77,2,263,704300,451113,396
"~JAY 89~",64750,4746,13103,360,289,19,22,83,39,286100,157209,288
"MURDREDUKC",64730,4756,11736,2321,87,96,146,15,277,391000,100367,1176
"BOFULO",64594,4946,11988,1541,142,119,125,7,234,390000,156665,1623
"SHADOWICHIGO",64531,7650,14028,1677,179,86,71,83,229,527800,206818,1199
"COMRADE READY",64403,8305,11537,840,254,57,108,30,244,500600,169118,547
"ADRIAN",64372,4122,11727,982,120,50,78,18,171,357400,186848,647
"UWU",64355,5316,10612,1080,219,139,148,46,195,403300,162142,969
"RODDAS ARMY",64267,9039,17627,6331,138,145,141,56,512,675100,549670,2244
"NZ",64187,7722,12119,4029,76,111,387,121,273,661300,103921,992
"ZEDX",64057,3531,10711,384,345,102,146,81,179,219400,203195,1034
"ALBITRO",64051,5212,10132,1310,129,77,77,126,80,379800,254492,586
"THUNDER",64020,6902,14004,1901,209,73,72,89,145,524200,272398,757
"H31MDALL",63957,8324,14703,3242,114,108,92,36,442,569800,259183,1651
"WSZHANGXUAN",63923,4962,13854,3562,277,127,125,47,239,501300,210927,2649
"SQUEE",63867,4271,10224,2803,93,52,24,69,97,368000,349239,534
"UNEQUIVOCAL",63835,3861,9479,1958,131,97,66,71,158,337500,131801,950
"PANCHO-VILLA",63704,6703,16501,2915,235,146,179,66,398,574000,178282,1633
"FENIKSGOLD",63632,4465,13792,1284,268,130,292,9,208,332500,150676,1921
"BLUETHON",63601,4506,13418,810,318,60,50,8,199,324100,128009,301
"GORE",63588,5083,12517,1908,156,64,80,85,132,385700,303053,1922
"GOGOGO",63355,12339,9614,4645,47,187,132,2,699,1075500,215639,3366
"ZINSKI",63269,6116,14912,3030,219,73,81,50,383,480200,290190,1061
"SIMNAS",63209,9171,12306,2752,165,118,54,27,370,721100,134413,693
"RYRY228",63178,6095,9924,851,339,190,135,73,243,522500,222663,945
"LT.SWANSON",63132,4556,11861,1547,144,72,69,41,253,424300,245552,1234
"ACHICOS",62709,4852,11218,2410,117,78,88,32,278,403600,159078,679
"COMRID",62678,3044,8940,1182,231,181,138,22,260,269700,58828,787
"RAZZ1",62505,7663,11891,1717,119,144,172,30,282,477700,371098,1008
"POLARBEARTOM",62489,5404,13059,1570,134,220,198,51,320,440800,262554,1987
"REVXWISE",62413,7756,14275,4203,146,82,135,51,377,495200,369480,1698
"MIKALIZER",62348,5718,13879,3151,104,75,133,99,245,582300,214622,2255
"258KRAKEN158_258",62336,7087,14074,2722,198,212,263,81,382,661100,214804,1514
"MAJOR BASTARD",62323,6603,9220,1746,93,115,139,45,355,377400,209358,1480
"MR.REDBEAN",62270,3549,11430,1040,151,70,87,7,147,265700,185560,281
"PIEKILLAN",62247,4047,9931,1836,167,49,59,37,225,281800,136270,639
"MAXIMAXIMUS",62191,3114,14149,1432,113,30,74,38,52,262900,239838,470
"MORTARION",62109,3146,8101,581,321,289,93,13,228,278200,108441,435
"DIXONCIDER",62076,9645,12190,1600,238,57,59,22,359,830900,339104,477
"RUBBERYCHICKEN",62072,5202,13005,1227,177,67,60,107,111,394700,188384,982
"BLACKBANE",62047,4600,10896,1871,181,129,106,80,297,374600,105393,235
"ORANGECAKE",61852,4862,9605,1351,179,128,192,53,321,277100,144985,2397
"MR.GARY",61732,5372,10654,1141,247,45,83,64,218,299700,156773,696
"SIMPLEXTRO",61694,4476,11730,1854,259,76,50,13,195,412700,139568,1135
"SIVISTOJKO3",61685,2726,11134,68,645,182,78,9,112,210900,275040,299
"R_C_A^",61656,6402,14761,2058,202,59,67,63,144,472400,240835,1068
"MR. OLDHARD",61653,6025,10500,2489,137,91,96,42,330,414300,99203,741
"DOCTABECKER",61602,5453,12572,2910,123,104,121,23,232,477700,186934,1909
"AEGIS_SPIRIT",61581,5093,12409,2291,226,93,119,28,154,392100,158691,895
"WOOOONDERBOY",61559,2137,9728,1225,244,84,83,23,121,178600,100925,1382
"WORM FOOD",61545,5614,15689,3804,126,50,114,32,224,461600,514033,2855
"MR. AREK",61539,4321,13149,2931,150,43,204,11,138,327500,263211,1195
"BUTCHERAWM",61534,3951,10875,1427,132,128,113,43,188,287200,120570,1032
"UNDREAM",61524,5679,13577,2772,159,137,89,37,308,557000,207033,1412
"LT. DEATHBLADE",61499,3997,11390,746,304,77,97,71,98,290200,127918,173
"IMPALACOMMANDER",61486,5313,12440,2487,107,125,72,66,196,435900,299845,2224
"SRG.MIKE",61441,5114,10607,2068,197,96,169,29,239,398600,248084,1075
"BOBBYCN",61220,5347,13305,2468,122,65,157,29,183,376300,264862,1447
"NYETE",61009,6464,10776,1828,159,137,163,41,516,502600,196936,1957
"UNIT171",60892,2727,9730,213,327,25,24,59,65,218900,283289,495
"NIBLET",60814,4168,9813,2201,282,65,55,21,144,300400,146527,543
"TONY TWOLEGS",60760,4099,13344,1695,180,22,68,24,79,282000,251109,514
"YU19980430",60697,3930,9175,1944,159,121,123,18,196,372300,97601,836
"POMPEY",60593,2817,9507,1213,107,94,54,6,100,245200,149890,925
"FATDRAGON",60530,3143,7922,1352,150,171,94,34,262,340700,134300,1251
"BRIAREOS",60510,5588,12227,1530,161,82,149,54,209,343700,164888,1768
"ACEOFCLUBS",60370,4072,9103,1296,231,122,278,35,314,307100,132187,1626
"CRUMP",60357,3826,11352,1975,111,103,80,30,211,275900,152184,1480
"EFFINT",60352,5044,11899,1476,160,22,51,105,129,375800,185075,812
"HXX",60264,5717,10352,2302,79,95,82,41,161,469600,116298,813
"REDRYNER",60261,5741,10888,1867,134,126,171,6,275,369000,128473,868
"MADCOWDOC",60209,6628,11966,2277,93,90,103,31,260,406100,278208,920
"TANDAROL",60183,3037,7562,1090,174,39,41,42,129,239600,157577,538
"SOURCEOFTHEMIST",60098,6464,12097,845,234,142,147,37,143,645700,170759,1014
"MOTHER NATURE",60034,4963,12012,2652,114,45,104,42,233,385700,258786,1598
"BOONE",59936,2597,6379,993,72,210,137,16,142,261700,76955,943
"STANISLAV",59547,4454,9923,1217,167,202,292,20,287,319100,123075,1677
"POTNANNY",59538,7056,14267,2944,109,37,92,31,184,477500,155688,1154
"DIAMMENTRODON",59316,6049,10914,1062,193,108,170,201,257,471600,244918,1219
"THE VENATOR",59265,3966,12696,1899,155,46,63,55,77,284000,141189,929
"THECHEESEKING9",59115,3951,11210,1201,224,75,91,44,211,329800,212489,343
"CROCUS",59076,2459,7848,923,105,94,46,19,74,200400,134842,308
"MARVIN",58896,4431,12202,1423,148,177,128,21,150,383100,153548,637
"DICAPRIO",58895,4866,11015,1014,250,109,102,8,320,464700,196863,793
"COUCH BISON",58881,5877,11724,2009,184,50,44,13,160,433100,120724,316
"BOONYEN",58586,5080,14698,1082,323,75,137,36,271,290800,182875,685
"SOPHIASOMETHING",58536,10603,11462,1236,131,37,34,352,104,574100,144628,526
"FACEROLLAODK",58518,2943,6428,1082,166,80,48,19,160,264100,85113,627
"JAMESXCTCJUGGALO",58458,3667,7974,438,233,130,130,85,295,312000,153829,340
"NINTENBLO",58386,2671,5643,1117,112,132,86,15,146,279300,64772,642
"YUKIO",58304,642,5092,2,772,41,22,8,22,33500,10917,18
"ZARKOV",58242,6239,14298,1927,107,50,33,28,219,604500,299081,549
"JONEAU",58193,3432,9425,1008,179,106,55,48,169,303800,142601,571
"CRYPTLORD",58177,3069,9982,1887,160,59,59,15,135,274100,97444,774
"HAPPY HEDGEHOG",58171,6687,11704,2441,134,74,60,50,153,583400,348100,464
"FOREVER",58151,3144,8305,1256,157,65,57,76,77,316300,114973,792
"ROCHELLE",58107,1322,9022,51,590,57,63,13,64,94000,65939,209
"DELTAJET2K",58100,2631,8793,789,156,104,139,43,131,248500,152537,534
"PWR905",58096,6759,12080,1495,186,93,89,79,168,419500,148140,516
"MR BULLBAK",58093,5999,13217,1969,221,24,69,49,104,552900,299138,1056
"MR. TROON",58079,4718,11858,1514,115,22,74,1,100,273400,324661,973
"TRALLVIKTOR",58049,3854,13419,1779,183,60,108,36,71,267400,268030,1214
"RIVERRUN",58046,6072,14520,3442,168,95,145,13,237,529600,234660,2129
"MRSAM",58043,6186,11369,5793,78,138,118,92,530,648200,253148,2248
"DREDGMAR SERATH",58030,2652,6144,341,174,58,57,107,91,232700,82904,663
"JEREJOSH2",57982,8001,14520,5123,287,183,117,77,293,669900,303910,2609
"PRIVATE HA",57981,4253,11520,2774,109,92,72,44,199,351900,177334,1198
"SOLOMONCHI",57801,3267,10303,563,366,152,83,17,359,285400,131825,818
"RHEINO",57721,7220,11878,2048,82,90,97,70,143,442700,137490,1240
"DECODE",57709,1730,5513,645,429,29,23,0,73,163500,31227,413
"NINJA HOBO 486",57625,7727,13476,142,447,22,37,115,42,511600,296350,265
